date,open,high,low,close,volume
2015-01-02,19.4834,19.6286,19.1747,19.4834,2842012
2015-01-05,19.4834,19.5415,19.0672,19.1544,4948799
2015-01-06,19.1834,19.2028,18.5543,18.5736,4944121
2015-01-07,18.7091,18.8737,18.4672,18.5204,8045186
2015-01-08,18.7382,19.3383,18.7285,19.2221,7094534
2015-01-09,19.2899,19.4447,19.0237,19.2995,5238601
2015-01-12,19.3479,19.3528,18.8834,19.0576,4768307
2015-01-13,19.2028,19.5899,18.8979,19.0237,5917960
2015-01-14,18.8253,19.164,18.7769,19.106,3881531
2015-01-15,19.2415,19.3576,18.9608,18.9705,4723757
2015-01-16,18.9414,19.3383,18.8834,19.3189,4537800
2015-01-20,19.4544,19.5609,19.135,19.377,3507719
2015-01-21,19.2705,19.6964,19.135,19.648,3619494
2015-01-22,19.6867,20.04,19.4834,19.9867,3992810
2015-01-23,20.0061,20.0787,19.8416,20.0448,3010389
2015-01-26,19.9577,20.0545,19.8319,19.9529,3331008
2015-01-27,19.648,19.6673,18.9608,18.9995,8948721
2015-01-28,19.2318,19.3092,18.6801,18.6898,6818214
2015-01-29,18.6995,19.2511,18.6123,19.1447,5883531
2015-01-30,19.0092,19.2308,18.5543,18.5881,7454968
2015-02-02,18.6995,19.0672,18.3317,18.9898,6490149
2015-02-03,19.1253,19.4834,19.0285,19.4641,4586670
2015-02-04,19.406,19.7302,19.3431,19.5125,4537872
2015-02-05,19.5318,19.8416,19.5125,19.827,3511195
2015-02-06,19.8125,20.0448,19.6577,19.7448,5263073
2015-02-09,19.6286,19.7835,19.5028,19.7254,6849193
2015-02-10,19.7448,20.2868,19.6577,20.2771,5655113
2015-02-11,20.3255,20.3255,20.0061,20.1416,8020778
2015-02-12,21.2934,21.7773,21.1675,21.5837,16922588
2015-02-13,21.5353,21.6225,21.2063,21.5934,7752149
2015-02-17,21.5547,21.7676,21.4192,21.6563,5083466
2015-02-18,21.6321,21.6708,21.3708,21.4095,4273997
2015-02-19,21.6805,21.7192,21.3708,21.4628,4235760
2015-02-20,21.4482,21.6321,21.2934,21.6176,3943820
2015-02-23,21.6128,21.6128,21.3418,21.4482,3125918
2015-02-24,21.5308,21.6766,21.3365,21.6766,3733318
2015-02-25,21.5891,21.6863,21.4094,21.5114,3095526
2015-02-26,21.5308,21.6911,21.3948,21.5697,3821597
2015-02-27,21.5114,21.56,21.3569,21.4337,3937273
2015-03-02,21.3754,22.0749,21.3472,21.9535,7537781
2015-03-03,21.7932,21.9,21.4822,21.5503,4008638
2015-03-04,21.4725,21.8417,21.3851,21.7932,5670997
2015-03-05,21.7932,22.2498,21.7349,22.211,8076425
2015-03-06,22.0846,22.1915,21.8855,21.9098,6434807
2015-03-09,21.9195,22.1332,21.8709,21.968,5559693
2015-03-10,22.0652,22.4917,22.0263,22.3421,13180267
2015-03-11,22.347,22.6385,22.1672,22.2304,6552965
2015-03-12,22.0166,22.1818,21.6086,22.0263,10174260
2015-03-13,21.9195,22.1138,21.6183,22.0555,8982188
2015-03-16,22.2304,22.4539,22.0846,22.3178,5923864
2015-03-17,22.2692,22.5996,22.1138,22.5899,7498556
2015-03-18,22.5899,22.7065,22.0166,22.2207,10346084
2015-03-19,22.2984,22.6385,22.1332,22.5559,7768859
2015-03-20,22.7453,22.9348,22.5316,22.8036,11552119
2015-03-23,22.1235,22.415,22.0555,22.0652,10650277
2015-03-24,21.9972,22.1527,21.6669,21.764,8262025
2015-03-25,21.7543,21.7543,20.3746,20.4426,13563840
2015-03-26,20.0248,20.4572,19.8791,20.3698,7797997
2015-03-27,20.4912,20.8507,20.1609,20.773,7957152
2015-03-30,20.8701,20.9673,20.5981,20.8604,6331256
2015-03-31,20.8021,20.8216,20.3163,20.3309,8931942
2015-04-01,20.4135,20.4815,20.0637,20.4135,8269223
2015-04-02,20.5301,20.5884,20.2872,20.4621,4805086
2015-04-06,20.3746,21.1227,20.1609,21.0499,12896584
2015-04-07,21.0547,21.4725,20.9381,21.2393,10349069
2015-04-08,21.2588,21.4725,21.0547,21.3948,9160786
2015-04-09,21.2296,21.9583,21.2199,21.8855,9485827
2015-04-10,21.9098,22.1235,21.832,22.1138,6468219
2015-04-13,22.0652,22.1915,21.8126,21.9098,5918106
2015-04-14,21.8223,21.9098,21.5151,21.7251,5506852
2015-04-15,21.7834,22.1478,21.6766,21.9875,6088960
2015-04-16,21.8612,22.0458,21.696,21.8515,3882058
2015-04-17,21.3948,21.7834,21.3851,21.5697,7340917
2015-04-20,21.6669,21.8029,21.424,21.4628,5790646
2015-04-21,21.7251,21.7251,21.3268,21.4288,5761365
2015-04-22,21.56,21.7057,21.2296,21.6766,5185481
2015-04-23,21.2782,21.7932,21.0353,21.5891,6484469
2015-04-24,21.5794,21.5891,21.1616,21.4045,6023972
2015-04-27,21.4725,21.9486,21.2879,21.5697,6211356
2015-04-28,21.5308,21.7494,21.3268,21.6717,5862106
2015-04-29,21.5211,21.7349,21.424,21.5114,4878919
2015-04-30,21.4045,21.6717,21.3559,21.5648,5471083
2015-05-01,21.7446,22.1721,21.6474,22.1041,6424185
2015-05-04,22.0846,22.2304,21.9,21.968,5018024
2015-05-05,21.8903,21.9195,21.3074,21.4045,7323195
2015-05-06,21.5211,21.7251,21.1908,21.4725,7912111
2015-05-07,21.3851,21.9195,21.3172,21.8515,13364077
2015-05-08,20.4135,21.2199,19.9082,20.2337,28663778
2015-05-11,19.9568,20.2483,19.8014,20.0443,13603644
2015-05-12,19.8985,20.4038,19.8888,20.2386,9719994
2015-05-13,20.3843,20.5398,20.1609,20.3552,7713070
2015-05-14,20.4135,20.7924,20.3649,20.6855,7326280
2015-05-15,20.773,20.8701,20.5689,20.6952,5395619
2015-05-18,20.6467,20.7924,20.5495,20.6661,8124292
2015-05-19,20.6929,20.7613,20.4977,20.5368,6345222
2015-05-20,20.5465,20.7905,20.5172,20.5368,4920581
2015-05-21,20.5465,20.6344,20.3708,20.3904,5992250
2015-05-22,20.4392,20.5124,20.3123,20.3611,5315282
2015-05-26,20.2635,20.4001,20.0819,20.2342,6493277
2015-05-27,20.3708,21.4104,20.3025,21.3176,10808271
2015-05-28,21.3176,21.6826,21.2786,21.6105,8191431
2015-05-29,21.6105,21.7471,21.5714,21.6007,8379244
2015-06-01,21.7373,22.0596,21.6007,21.8447,9316504
2015-06-02,21.7081,21.8252,21.3957,21.4104,5607582
2015-06-03,21.4738,21.6397,21.1419,21.181,6269692
2015-06-04,21.0541,21.63,21.0541,21.5617,8092765
2015-06-05,21.4933,21.8252,21.2688,21.7276,7833001
2015-06-08,21.6593,21.8057,20.9858,21.2298,8570301
2015-06-09,21.2493,21.4933,21.2103,21.3372,6422222
2015-06-10,21.0834,21.22,20.8394,20.9565,13236526
2015-06-11,20.9565,21.3274,20.9565,21.181,7076296
2015-06-12,21.0443,21.1712,20.5563,20.6051,8093164
2015-06-15,20.4977,20.6588,20.3416,20.566,7663673
2015-06-16,20.527,20.8491,20.322,20.8198,6422253
2015-06-17,20.8101,21.181,20.7613,21.0639,5838648
2015-06-18,21.2395,21.5519,21.181,21.4152,7485090
2015-06-19,21.4152,21.5909,21.1517,21.3469,8891427
2015-06-22,21.386,21.5031,20.937,21.2542,12855929
2015-06-23,21.2981,21.464,20.5465,20.7125,10351627
2015-06-24,20.6832,20.7905,20.4099,20.5075,6334204
2015-06-25,20.5075,20.7905,20.5075,20.6637,8761548
2015-06-26,20.4977,20.6637,20.1561,20.2439,10532373
2015-06-29,20.0097,20.2147,19.6095,19.6388,9793096
2015-06-30,19.7559,19.8437,19.4924,19.629,7897857
2015-07-01,20.117,20.4001,19.7364,19.9121,7573001
2015-07-02,19.9023,20.0585,19.8047,19.9316,3644115
2015-07-06,19.7657,20.039,19.5363,19.6876,5369413
2015-07-07,19.5704,19.6485,18.7017,19.3167,14856327
2015-07-08,19.2093,19.3264,19.0238,19.18,8312287
2015-07-09,19.4826,19.5704,18.8287,18.9458,8939745
2015-07-10,19.1898,19.4533,19.141,19.2776,5417717
2015-07-13,19.4728,19.5118,19.2727,19.4045,5311791
2015-07-14,19.4338,19.4533,19.1605,19.4143,6230429
2015-07-15,19.3655,19.4924,19.1019,19.2776,6643348
2015-07-16,19.3947,19.7071,19.3264,19.7071,7072291
2015-07-17,19.6388,19.6583,19.3361,19.59,5509308
2015-07-20,19.59,19.6681,19.18,19.2288,4710259
2015-07-21,19.1898,19.59,19.1898,19.3167,3743010
2015-07-22,19.18,19.18,18.7115,18.9409,8911819
2015-07-23,18.9848,19.4631,18.9458,19.18,4247872
2015-07-24,19.3167,19.3362,18.8774,18.9555,4721099
2015-07-27,18.7896,19.0629,18.6334,18.8481,4810520
2015-07-28,18.8969,19.385,18.7017,19.2581,4957733
2015-07-29,19.2191,19.6485,19.141,19.4924,5817033
2015-07-30,19.4436,19.7364,19.4436,19.5412,4754479
2015-07-31,19.6193,19.629,19.3557,19.4728,5459211
2015-08-03,19.629,19.8242,19.3752,19.8047,9928278
2015-08-04,19.7364,19.9414,19.6583,19.8828,6502514
2015-08-05,20.3708,20.3904,20.0438,20.0878,5865652
2015-08-06,20.039,20.1854,19.629,19.9609,16391890
2015-08-07,21.9228,22.811,21.3567,22.4304,35131171
2015-08-10,22.2742,23.3772,22.1375,23.2112,16557636
2015-08-11,22.8696,23.3186,22.8696,23.0941,10875209
2015-08-12,22.7232,23.3186,22.7232,23.1527,9602012
2015-08-13,23.1819,23.2308,22.8989,22.9575,6922146
2015-08-14,22.9379,23.1136,22.8013,22.977,5366261
2015-08-17,22.9379,22.9379,22.5475,22.8306,6846973
2015-08-18,22.7595,22.9163,22.4458,22.6223,7177055
2015-08-19,22.5929,22.8428,22.289,22.534,6231842
2015-08-20,22.2792,22.387,21.6127,21.7205,10673329
2015-08-21,21.5637,21.9263,21.0246,21.0442,9566639
2015-08-24,19.868,21.3971,19.6033,20.2993,17057073
2015-08-25,21.1912,21.2696,19.8778,19.8778,15567110
2015-08-26,20.5247,21.3971,20.3679,21.3774,15374439
2015-08-27,21.6029,22.191,21.4755,22.1812,11594083
2015-08-28,22.1714,22.4164,22.0195,22.2792,8023632
2015-08-31,22.1812,22.3282,21.941,22.0342,5483810
2015-09-01,21.3971,21.7597,20.9756,21.1324,8835220
2015-09-02,21.6911,21.7793,21.348,21.7695,8601065
2015-09-03,22.093,22.2008,21.7891,21.8283,6563938
2015-09-04,21.4559,21.7989,21.3088,21.3186,7200245
2015-09-08,21.8381,22.3184,21.7519,22.2302,5961218
2015-09-09,22.2988,22.485,21.7401,21.7891,7234849
2015-09-10,21.6617,22.4066,21.5588,22.1322,8926896
2015-09-11,21.8871,22.3478,21.794,22.2008,7539608
2015-09-14,22.3086,22.3772,22.1225,22.24,4811636
2015-09-15,22.2498,22.6027,22.1812,22.485,8199412
2015-09-16,22.4458,22.7693,22.2743,22.6419,4337684
2015-09-17,23.0339,23.2398,22.7987,22.8477,6717769
2015-09-18,22.534,23.0241,22.3968,22.8281,8160255
2015-09-21,22.8575,23.1123,22.7399,23.0633,7046616
2015-09-22,22.5635,22.7203,22.3135,22.436,5708923
2015-09-23,22.4556,22.6811,22.3675,22.5438,4040849
2015-09-24,22.4066,23.2104,22.0538,22.9751,9561031
2015-09-25,23.2594,23.5926,22.9163,23.1418,9242268
2015-09-28,23.1418,23.2839,22.6909,22.8379,9889576
2015-09-29,23.0829,23.279,22.7595,23.2398,9518373
2015-09-30,23.4554,24.1905,23.3182,24.1611,13909541
2015-10-01,24.1611,24.2297,23.0045,23.6906,12232427
2015-10-02,23.5632,24.3087,23.3182,24.3082,9653639
2015-10-05,24.465,25.2197,24.3376,24.9159,12050571
2015-10-06,24.6512,25.3471,24.5532,25.2393,11360526
2015-10-07,25.2981,25.7588,24.8864,25.504,7753799
2015-10-08,25.3961,25.7195,24.9649,25.651,11501741
2015-10-09,25.5138,25.7588,25.0727,25.553,10581210
2015-10-12,25.5824,25.9744,25.3912,25.8274,5689727
2015-10-13,25.6216,26.0283,25.5334,25.8764,7461071
2015-10-14,25.9058,27.2339,25.8764,26.8174,15304756
2015-10-15,26.8664,27.4349,26.5919,26.886,13151151
2015-10-16,26.9742,27.5623,26.9056,27.3075,11209897
2015-10-19,27.3957,27.5182,26.9448,27.2585,7367780
2015-10-20,27.1408,27.3467,26.935,27.2192,6620614
2015-10-21,27.3859,27.5525,26.8174,26.8664,9667049
2015-10-22,27.18,27.925,27.1408,27.8368,7672091
2015-10-23,28.0818,28.2092,27.6603,28.023,9544357
2015-10-26,28.0426,28.1112,27.6407,27.8956,6185935
2015-10-27,27.7583,28.0499,27.7387,27.876,5206678
2015-10-28,28.0524,28.1014,27.6407,28.1014,5425852
2015-10-29,27.6505,27.9348,27.082,27.131,8179177
2015-10-30,27.4251,28.0034,27.2192,27.8073,7528965
2015-11-02,27.8956,28.1602,27.7289,28.1308,4752197
2015-11-03,27.9642,28.121,27.6211,27.9348,9419230
2015-11-04,27.8564,28.0622,27.3467,27.4741,11056571
2015-11-05,27.6113,27.6848,27.082,27.1604,11969974
2015-11-06,29.8461,31.3065,29.2286,30.9243,29306777
2015-11-09,30.6204,30.8753,30.3558,30.7871,12314225
2015-11-10,30.3852,30.5518,29.5521,30.199,13806497
2015-11-11,30.2186,30.4342,29.7971,29.9049,15503157
2015-11-12,29.8363,30.1107,29.6697,29.7971,7277017
2015-11-13,29.8265,29.9539,29.062,29.209,7323501
2015-11-16,29.5913,29.8167,29.356,29.7971,8607008
2015-11-17,29.8755,30.0519,29.6731,29.7971,6426235
2015-11-18,29.9201,30.5694,29.5905,30.5301,8755358
2015-11-19,30.6383,30.9236,30.3922,30.6186,6351803
2015-11-20,30.8449,31.0614,30.658,30.8843,5993587
2015-11-23,31.1401,31.1401,30.3087,30.4219,6063751
2015-11-24,30.4219,30.9335,30.2841,30.6678,4885692
2015-11-25,30.6088,30.9728,30.5203,30.6285,3457476
2015-11-27,30.6875,30.9827,30.5301,30.8843,2175202
2015-11-30,30.9138,31.3467,30.8843,31.209,8181080
2015-12-01,31.4845,32.2519,31.4549,32.2224,10237433
2015-12-02,32.2716,32.6061,31.9075,31.9764,7356004
2015-12-03,32.2322,32.5667,31.7501,31.9075,6166405
2015-12-04,31.9075,33.2653,31.9075,33.2063,11468924
2015-12-07,33.1964,33.1964,32.4782,32.5766,8339679
2015-12-08,32.1732,33.1571,31.9666,33.0193,7862233
2015-12-09,33.0095,33.2063,31.8485,32.183,9316871
2015-12-10,32.2814,32.6258,32.1732,32.4487,5914923
2015-12-11,32.124,32.3503,31.8977,31.9666,5683038
2015-12-14,31.9961,32.2224,31.6616,32.0453,6908645
2015-12-15,32.4093,32.6651,32.2322,32.4388,7682354
2015-12-16,32.5077,32.7438,32.2224,32.6356,5908874
2015-12-17,32.6848,33.0193,32.124,32.1437,6354044
2015-12-18,31.9174,32.2421,31.5828,31.6222,9897424
2015-12-21,31.9666,32.3995,31.6812,32.365,7105373
2015-12-22,32.4684,32.7242,32.2027,32.3995,3250269
2015-12-23,32.4487,32.6504,32.3896,32.5225,3063139
2015-12-24,32.429,32.7143,32.3798,32.6356,1311231
2015-12-28,32.2912,32.6061,31.8387,32.6061,3550703
2015-12-29,32.6258,33.2358,32.5372,33.1374,5091512
2015-12-30,33.1079,33.3932,32.8422,32.8521,4508570
2015-12-31,32.8029,32.9505,32.429,32.429,3713202
2016-01-04,31.7698,32.0551,31.5238,31.8485,8951907
2016-01-05,32.4487,32.9013,31.9764,32.3601,12256814
2016-01-06,31.8288,31.9764,30.658,31.022,11233604
2016-01-07,30.2448,30.4543,29.3986,29.7922,16132575
2016-01-08,30.1759,30.2054,29.0887,29.1526,9961782
2016-01-11,29.1822,29.4085,28.6804,29.2018,10235095
2016-01-12,29.7233,30.1267,29.4872,29.6938,11733893
2016-01-13,29.9201,30.1169,28.7591,28.7886,12041762
2016-01-14,28.1983,28.5328,27.3718,28.2081,15005864
2016-01-15,27.0766,27.4013,26.2108,26.6732,21036303
2016-01-19,27.2242,27.9917,26.7766,26.8897,11428537
2016-01-20,26.3781,27.3816,26.0239,27.0373,12029457
2016-01-21,27.3324,27.7752,26.7716,27.3521,12036422
2016-01-22,27.8736,28.1786,27.8146,27.9917,6450312
2016-01-25,27.9818,28.3016,27.8982,27.9621,6768203
2016-01-26,28.0212,28.3557,27.7309,28.2376,5699182
2016-01-27,28.1983,28.2819,27.3669,27.9031,5792528
2016-01-28,28.1294,28.2278,27.057,27.5981,6919451
2016-01-29,27.8342,28.8722,27.726,28.8181,7762622
2016-02-01,28.7886,28.9755,28.5426,28.828,7247099
2016-02-02,28.5328,28.6804,27.4112,27.6079,8547710
2016-02-03,27.8244,27.9917,27.1062,27.7457,8169351
2016-02-04,27.785,28.3852,27.48,27.7555,8703450
2016-02-05,27.5686,27.8736,25.9255,26.0042,15010685
2016-02-08,25.6106,25.7385,24.4497,24.8137,15221320
2016-02-09,24.5185,26.1223,24.4005,25.0793,10634314
2016-02-10,25.2368,25.9648,24.8826,25.0203,8394980
2016-02-11,24.3808,25.1482,24.3808,24.8924,8503635
2016-02-12,25.286,25.3647,24.3513,25.3155,8520367
2016-02-16,25.6795,26.5945,25.6008,26.5552,12133795
2016-02-17,26.8897,27.4702,26.7815,27.2144,19286666
2016-02-18,29.4478,30.476,29.4183,29.556,26716489
2016-02-19,29.3986,30.2152,29.1723,29.9496,13140732
2016-02-22,30.3825,31.3566,30.3235,31.0122,11241697
2016-02-23,30.7662,31.3861,30.6186,31.0909,9234450
2016-02-24,30.963,31.3545,30.107,31.3074,8421336
2016-02-25,31.4254,31.5337,30.8154,31.3762,8740367
2016-02-26,31.5238,31.5988,30.8548,31.1696,9049073
2016-02-29,31.2141,31.6189,30.9474,30.9672,8083618
2016-03-01,31.0462,32.3398,30.9968,32.3398,8717512
2016-03-02,32.162,32.6459,32.1028,32.5274,5845933
2016-03-03,32.4879,32.6261,31.8065,32.241,7550088
2016-03-04,32.4879,32.5175,31.8954,32.1423,4382634
2016-03-07,31.9645,32.1818,31.5152,31.9349,6005495
2016-03-08,31.609,31.7967,31.2486,31.3523,6873478
2016-03-09,31.6288,31.6732,30.9277,31.3325,5569737
2016-03-10,31.5202,31.6979,30.6512,31.2832,7152137
2016-03-11,31.7473,31.8263,31.372,31.8164,6934986
2016-03-14,31.6683,32.0238,31.5202,31.8954,4757868
2016-03-15,31.7275,31.9349,31.1746,31.7374,5655420
2016-03-16,31.5004,32.794,31.3523,32.6854,9091068
2016-03-17,32.5669,32.7249,31.9684,32.4089,8841959
2016-03-18,32.794,33.821,32.5866,33.3865,13637802
2016-03-21,33.0903,33.4951,32.7348,33.4852,8444539
2016-03-22,33.3766,33.658,33.0113,33.426,6050266
2016-03-23,33.5741,34.2456,33.426,33.9987,10725171
2016-03-24,33.6926,34.1073,33.584,34.0481,6123854
2016-03-28,33.9889,34.5418,33.9494,34.3937,6634700
2016-03-29,34.2456,35.0257,34.1666,34.9467,6545266
2016-03-30,35.0751,35.7959,35.0553,35.3121,9417474
2016-03-31,35.4701,35.5491,34.9072,35.1837,9497052
2016-04-01,34.9665,35.7169,34.6998,35.6972,8707319
2016-04-04,35.9934,36.181,35.2133,35.3516,9848551
2016-04-05,35.0356,35.6281,34.8973,35.3022,8489215
2016-04-06,34.8578,35.3713,34.1962,35.3516,11334379
2016-04-07,35.1244,35.4404,34.8381,34.9862,9452644
2016-04-08,35.2726,35.4997,34.8628,35.2133,6398373
2016-04-11,35.4207,36.0132,35.3121,35.4306,9688098
2016-04-12,35.5491,35.5984,34.6998,35.3911,7319077
2016-04-13,35.5491,36.2897,35.5491,36.2798,8767861
2016-04-14,36.181,36.5365,36.0329,36.3785,10414131
2016-04-15,36.3687,36.9908,36.2521,36.6649,10924273
2016-04-18,36.5958,36.5958,36.1514,36.5069,7683044
2016-04-19,36.6452,36.7143,35.6281,35.8552,7728777
2016-04-20,35.7959,36.2107,35.7564,35.9934,5004434
2016-04-21,36.0033,36.1712,35.7959,35.9539,4456989
2016-04-22,36.0724,36.3193,35.6922,35.8157,5588539
2016-04-25,35.8256,36.1909,35.7268,35.9934,4799765
2016-04-26,36.2107,36.6254,35.8651,36.023,5363364
2016-04-27,35.9342,36.8624,35.868,36.8427,8809858
2016-04-28,36.6155,36.8328,35.6577,35.7466,9530551
2016-04-29,35.5984,35.6774,34.6998,35.0849,8047562
2016-05-02,35.4207,35.7663,35.2528,35.5491,6401920
2016-05-03,35.1442,35.2923,34.8193,35.1244,5600585
2016-05-04,34.6998,34.7295,33.9691,34.3246,13144065
2016-05-05,34.611,34.9368,34.2752,34.532,6172113
2016-05-06,34.4727,34.9813,34.4036,34.8875,4581000
2016-05-09,34.9763,35.1244,34.5517,34.8381,8333411
2016-05-10,35.0553,35.5688,34.7196,35.5096,6741929
2016-05-11,35.6182,36.0033,35.4207,35.6083,8204441
2016-05-12,35.8651,36.023,34.4925,35.1244,16763533
2016-05-13,38.6991,40.4864,38.5115,40.4667,52756404
2016-05-16,40.1606,42.2639,40.0322,41.6615,24325757
2016-05-17,41.4739,42.0466,40.9408,41.7504,15709762
2016-05-18,41.4739,43.3007,41.4739,42.8169,13526797
2016-05-19,42.649,43.3092,42.5898,43.0045,9971981
2016-05-20,43.2711,43.9525,43.202,43.7747,9777090
2016-05-23,43.9623,44.1302,43.5772,43.8438,10340877
2016-05-24,43.9775,45.0467,43.8587,44.9081,10394721
2016-05-25,45.0467,45.2348,44.3636,44.72,11469411
2016-05-26,44.7992,45.522,44.6705,45.1952,7749081
2016-05-27,45.2447,45.5121,45.0962,45.4428,6935389
2016-05-31,45.6408,46.3486,45.6111,46.2546,10313131
2016-06-01,46.0368,46.7892,45.8982,46.3437,9678267
2016-06-02,46.5912,47.0664,46.1358,46.6704,8230202
2016-06-03,46.215,46.2744,45.2051,46.017,11526864
2016-06-06,46.1358,46.4922,45.5418,45.7794,8062841
2016-06-07,46.0566,46.314,45.8487,45.8685,4835017
2016-06-08,45.8784,46.0467,45.3437,45.72,5865431
2016-06-09,45.5616,46.9773,45.4626,46.908,11804167
2016-06-10,46.3536,46.7694,45.6804,45.7398,10000592
2016-06-13,45.7893,47.2234,45.7893,46.3239,11889674
2016-06-14,46.215,46.6308,45.6952,46.413,7458639
2016-06-15,46.7991,47.2941,46.2843,46.8882,7525868
2016-06-16,46.5417,47.1555,46.0873,47.0763,6161428
2016-06-17,47.1357,47.1456,46.0665,46.2546,11775048
2016-06-20,46.9971,47.6901,46.9674,47.0862,7344230
2016-06-21,47.2842,47.4129,46.7298,46.7991,5312661
2016-06-22,46.8981,47.205,46.6803,46.7595,5065516
2016-06-23,47.205,48.0564,47.1753,48.0069,7446994
2016-06-24,46.0368,46.8882,44.8487,45.2744,25442111
2016-06-27,44.8982,45.2447,44.126,44.7893,11258487
2016-06-28,45.6408,45.6902,44.819,45.4428,9547980
2016-06-29,45.8388,46.5417,45.72,46.1853,7973264
2016-06-30,46.2645,46.8288,45.8883,46.5417,10773475
2016-07-01,46.2843,46.8882,46.0368,46.1952,5462198
2016-07-05,45.9378,46.9575,45.5715,46.8783,9277061
2016-07-06,46.5516,47.4476,46.314,47.1753,6827594
2016-07-07,47.4921,48.5713,47.2743,48.403,9884992
2016-07-08,48.9178,50.582,48.7297,50.3434,12048273
2016-07-11,51.0662,51.878,51.0068,51.5018,11219437
2016-07-12,52.076,52.7492,51.4226,52.274,10919045
2016-07-13,52.373,52.67,52.175,52.2542,8115130
2016-07-14,52.5314,53.2641,52.0958,52.7888,7922283
2016-07-15,52.1156,52.4077,51.3246,52.175,10715357
2016-07-18,52.8185,52.8977,52.2443,52.4423,6324838
2016-07-19,52.4126,53.1941,52.3136,52.9868,9566250
2016-07-20,53.165,53.962,52.9472,53.6799,7411502
2016-07-21,53.5611,53.7294,52.5116,52.6898,9032697
2016-07-22,52.8779,54.1254,52.4918,54.1254,7894165
2016-07-25,54.4521,55.254,54.2145,55.1253,7813211
2016-07-26,55.6104,56.353,55.5312,56.0659,12862739
2016-07-27,56.551,56.65,55.1649,55.5015,11166886
2016-07-28,55.6302,56.0362,55.4557,55.6203,5547934
2016-07-29,55.8282,56.6797,54.8283,56.5312,10239664
2016-08-01,56.7688,56.9767,55.7985,56.1649,7527970
2016-08-02,56.4322,56.4619,54.9471,55.4817,7068720
2016-08-03,55.4124,55.7391,55.1055,55.6302,7495709
2016-08-04,55.8976,56.9173,55.7886,56.6599,6817803
2016-08-05,57.3133,57.6499,57.0361,57.6202,9289735
2016-08-08,58.4123,58.5509,57.541,58.1548,7626603
2016-08-09,58.442,58.8677,58.1548,58.3033,9308559
2016-08-10,58.8182,58.9073,57.7427,57.9271,9393453
2016-08-11,58.234,59.3528,58.1152,59.1053,17026556
2016-08-12,61.2834,62.7486,60.026,62.412,35643642
2016-08-15,62.4813,62.8639,61.5113,62.3526,14332617
2016-08-16,62.2635,62.3625,61.7883,61.9764,7191345
2016-08-17,61.9764,62.115,60.0508,60.5408,14880304
2016-08-18,60.4517,61.5804,60.2141,61.4814,8292095
2016-08-19,61.4517,62.1051,61.1844,61.6398,7288978
2016-08-22,61.8279,61.9883,61.0962,61.8972,6118683
2016-08-23,62.527,62.8047,62.2195,62.398,8494058
2016-08-24,62.6163,62.646,61.1483,61.4359,7461244
2016-08-25,61.4558,61.4855,60.2655,61.0293,10150783
2016-08-26,61.188,61.8724,60.702,61.5252,7500624
2016-08-29,61.7732,62.0211,61.3814,61.4855,6866279
2016-08-30,61.4062,61.7361,60.9598,61.1285,7138622
2016-08-31,61.2475,61.4161,60.6623,60.8408,9713642
2016-09-01,60.8904,62.8642,60.8408,62.6361,10712305
2016-09-02,62.765,62.8345,61.3169,62.0211,8078742
2016-09-06,62.2394,62.6063,61.921,62.6063,7670320
2016-09-07,62.408,62.714,61.3268,61.6839,9949700
2016-09-08,61.6244,62.2294,60.9202,62.1302,7895219
2016-09-09,61.4459,61.793,58.5199,59.0356,17443966
2016-09-12,58.2521,60.3697,56.8486,60.2556,14956524
2016-09-13,60.1068,60.8011,59.0456,59.3828,11794183
2016-09-14,59.5216,60.1068,59.0257,59.9085,7984326
2016-09-15,60.0077,62.2493,59.8688,62.1798,12884799
2016-09-16,62.398,62.7353,61.6145,62.3286,22561149
2016-09-19,62.9832,64.7289,62.6956,63.1519,10428207
2016-09-20,63.8759,63.8759,62.2294,62.5766,8277832
2016-09-21,62.765,64.4512,62.7551,64.3322,8405337
2016-09-22,64.7091,64.9075,64.1239,64.4909,7718287
2016-09-23,64.5702,64.7587,64.1338,64.4214,6903344
2016-09-26,63.6875,64.0743,63.013,63.8164,5751035
2016-09-27,63.5684,66.0977,63.5387,65.9985,10068769
2016-09-28,66.0977,66.2861,65.3935,66.2366,7994701
2016-09-29,66.1274,67.0598,65.5139,66.8515,8417136
2016-09-30,67.2185,68.6269,66.8218,67.9624,10748304
2016-10-03,67.9624,68.9443,67.7749,67.893,6064853
2016-10-04,67.9922,69.1328,67.2383,67.7442,7040645
2016-10-05,68.3195,69.0138,67.4665,67.6748,7636009
2016-10-06,66.8614,67.278,65.7208,66.792,9005317
2016-10-07,67.2383,67.4169,66.1175,66.306,7156502
2016-10-10,66.6531,67.0102,65.9291,66.554,7196868
2016-10-11,66.3357,66.4349,65.086,65.5918,9713476
2016-10-12,65.324,66.2357,64.7785,65.8894,10498025
2016-10-13,65.1158,65.2645,63.1816,64.8182,9752910
2016-10-14,65.6117,66.058,65.0662,65.453,8265851
2016-10-17,65.4431,66.058,64.9868,65.0761,4883160
2016-10-18,65.9787,66.4448,65.7109,66.0679,6734274
2016-10-19,65.6216,66.2366,65.2844,65.9291,4976462
2016-10-20,66.7027,67.397,65.7605,67.1788,7802072
2016-10-21,66.9408,67.1094,66.3556,66.9904,6987654
2016-10-24,67.4466,70.2139,67.4367,70.1346,8495946
2016-10-25,70.0156,71.7116,69.6783,71.2851,9936532
2016-10-26,70.69,72.3563,70.6206,71.5728,8344781
2016-10-27,72.1183,72.2572,69.8122,70.1048,9716622
2016-10-28,70.4421,71.5133,69.8569,69.9858,7271374
2016-10-31,70.2139,71.0421,70.1742,70.5809,6309718
2016-11-01,70.8388,71.2256,67.7343,68.4881,11830629
2016-11-02,69.0138,69.9461,68.077,68.2004,7396231
2016-11-03,68.5178,68.5773,66.0977,67.407,7741593
2016-11-04,66.9606,68.1712,66.0332,67.0201,8219490
2016-11-07,68.984,71.1364,68.9344,70.69,12189524
2016-11-08,70.9578,71.1859,69.9263,70.5809,10747107
2016-11-09,68.6666,70.323,68.1608,69.3907,11413254
2016-11-10,70.9082,70.9181,66.2167,67.2185,21732039
2016-11-11,78.863,88.0476,77.8612,87.2541,54383633
2016-11-14,87.3731,87.4723,82.9395,82.9594,33719913
2016-11-15,83.6041,86.7383,83.247,85.4886,15652258
2016-11-16,86.6292,91.8018,85.6425,90.8843,24699644
2016-11-17,91.5588,94.0209,89.9123,91.6381,20824744
2016-11-18,91.7754,93.5624,91.0529,92.6003,14401499
2016-11-21,93.3243,93.5822,91.6481,92.2233,10910868
2016-11-22,92.5407,92.9768,91.6282,92.8879,8259232
2016-11-23,93.0965,94.6162,92.1528,93.3448,11080857
2016-11-25,93.7918,94.4673,92.7886,93.5336,4889078
2016-11-28,93.2455,94.1097,92.9773,93.4839,6968370
2016-11-29,93.3746,93.8117,91.9144,92.6296,11114187
2016-11-30,92.9773,93.5336,91.4873,91.5866,11012545
2016-12-01,91.4873,91.5568,84.206,87.057,25888074
2016-12-02,85.6762,88.2092,84.5537,87.8616,11957300
2016-12-05,89.3913,91.9939,88.4079,91.2687,15057125
2016-12-06,91.5965,93.1064,90.9608,92.7687,12469875
2016-12-07,92.2224,94.666,91.4873,94.4375,12020093
2016-12-08,94.5567,95.9772,92.434,92.8581,9538602
2016-12-09,93.5733,93.6428,90.1065,91.2091,9557799
2016-12-12,89.2522,89.3516,86.9576,88.994,15033300
2016-12-13,89.4907,91.676,89.4509,90.5635,9694874
2016-12-14,91.9244,96.4639,90.9608,95.8083,24599538
2016-12-15,96.2553,99.2751,95.9573,98.0533,18663653
2016-12-16,99.1659,100.0301,97.0759,99.742,27238183
2016-12-19,99.0367,101.7683,98.3414,100.9539,18616431
2016-12-20,103.8843,105.4239,103.4273,104.4703,21201433
2016-12-21,104.9372,105.2451,103.02,105.1259,14403361
2016-12-22,106.1093,108.1457,105.8213,106.3974,17965259
2016-12-23,105.6723,109.1043,105.563,109.0497,16192331
2016-12-27,111.3145,116.5792,110.4801,116.5395,29856842
2016-12-28,118.8043,119.1321,107.9669,108.5232,57394116
2016-12-29,104.2021,110.7483,102.1161,110.6887,54384182
2016-12-30,110.6092,111.1754,105.5928,106.0299,30323259
2017-01-03,103.7054,105.6623,98.7188,101.3314,37549876
2017-01-04,102.7121,104.7981,100.8545,103.6955,29980506
2017-01-05,103.8346,105.116,100.3777,101.0631,24607382
2017-01-06,102.1658,103.5564,100.5267,102.4141,20571416
2017-01-09,102.8114,107.2815,102.8114,106.5663,22906225
2017-01-10,107.0928,108.4636,104.9273,105.7617,22022969
2017-01-11,105.2948,105.4935,103.4571,104.4604,13141588
2017-01-12,103.5366,104.0035,100.9439,102.7518,15640414
2017-01-13,102.9108,104.3015,102.3744,102.7419,11445543
2017-01-17,102.3148,102.5134,99.9009,100.4373,14515259
2017-01-18,99.5731,102.5432,98.4506,102.2651,16360615
2017-01-19,102.3843,105.7517,102.2949,104.4604,16121778
2017-01-20,105.3743,106.0895,102.434,103.318,12300557
2017-01-23,103.1094,105.1955,103.0101,104.3909,9247639
2017-01-24,104.7981,106.8643,104.2021,106.616,10701271
2017-01-25,108.3245,108.5729,105.6272,107.0729,13084499
2017-01-26,107.1822,109.2185,105.9901,108.9205,11469970
2017-01-27,109.1987,111.1456,108.1258,111.0264,11799929
2017-01-30,110.1821,110.2715,107.1927,109.2881,12400084
2017-01-31,108.2252,109.3179,107.4802,108.4536,9068865
2017-02-01,109.8443,113.3608,109.1291,113.1919,14750082
2017-02-02,112.5462,114.97,111.3145,114.6223,12081040
2017-02-03,114.6819,115.1289,113.1422,113.6191,9318633
2017-02-06,113.2416,116.5456,113.2416,116.5296,12669205
2017-02-07,117.9103,120.1155,117.1156,118.3375,18655567
2017-02-08,117.6123,118.5163,115.6058,117.8209,11239487
2017-02-09,118.0692,118.2679,114.8309,115.6058,21064178
2017-02-10,119.1321,119.897,111.8509,112.8641,41277341
2017-02-13,112.6356,113.2217,107.4802,107.659,29518071
2017-02-14,107.2716,109.4172,105.5829,108.0563,21265787
2017-02-15,108.1755,109.0695,107.0431,108.2748,9325512
2017-02-16,108.6623,108.7119,104.9571,106.5365,16179386
2017-02-17,105.9901,106.6954,104.0929,106.5166,14093465
2017-02-21,107.51,110.49,107.5,110.3311,13798783
2017-02-22,110.8184,111.1963,109.3961,110.1619,10844256
2017-02-23,104.9303,105.8155,99.1418,99.9474,39822213
2017-02-24,96.5459,101.4492,95.1833,100.9122,25747597
2017-02-27,101.6482,104.4529,101.0116,103.8462,17885019
2017-02-28,104.2341,104.632,100.2309,100.9321,15633968
2017-03-01,103.2296,103.8064,100.564,102.235,12620139
2017-03-02,101.7178,102.2847,98.356,98.4654,18858278
2017-03-03,98.0378,98.2367,95.7005,97.8985,21636424
2017-03-06,96.4365,97.5703,94.6561,97.1426,22089169
2017-03-07,97.1426,98.9926,96.6254,98.2068,15085007
2017-03-08,100.1563,100.753,97.9383,98.0278,15967822
2017-03-09,97.3813,98.913,96.8741,98.0079,11951471
2017-03-10,99.0721,99.5496,97.8488,98.5848,12493513
2017-03-13,99.0025,101.6979,98.9727,101.3001,19353402
2017-03-14,101.8172,102.1952,99.9275,101.2304,13050415
2017-03-15,101.6979,102.4339,99.7783,101.9963,15375852
2017-03-16,102.424,103.2694,101.857,103.2495,13077495
2017-03-17,103.9556,105.547,103.2495,105.4973,27992169
2017-03-20,106.2034,109.0182,105.5569,108.859,18714152
2017-03-21,108.1628,109.3663,105.0149,105.3381,22837103
2017-03-22,104.8906,107.6754,104.7314,107.4865,15419106
2017-03-23,107.1682,107.971,106.1239,106.5118,13348542
2017-03-24,108.3816,108.6999,105.8454,106.8897,10987546
2017-03-27,105.0099,107.8197,103.0157,107.6655,12666100
2017-03-28,107.7152,108.302,106.6908,107.1085,10811109
2017-03-29,107.4069,107.9042,106.6709,106.7604,8749791
2017-03-30,107.0488,109.406,106.8201,108.8093,13138349
2017-03-31,108.4214,109.2966,107.8168,108.3418,11020165
2017-04-03,108.3617,109.0579,106.84,107.7948,11130813
2017-04-04,102.8417,103.8562,99.7982,100.2358,31782004
2017-04-05,99.475,101.8172,98.9627,99.4899,18676232
2017-04-06,99.6987,100.7033,97.8786,100.2159,15878004
2017-04-07,100.4745,101.1807,99.1816,99.7883,10628889
2017-04-10,99.8181,100.0866,97.073,97.2421,18908264
2017-04-11,96.0287,98.3659,95.8298,97.5902,15453747
2017-04-12,97.5902,98.1671,96.5757,96.7846,10352296
2017-04-13,95.8099,96.6851,94.9744,94.9744,12672345
2017-04-17,95.4916,98.7041,95.2827,98.6942,12432305
2017-04-18,98.1173,99.0025,97.073,98.7539,9252944
2017-04-19,99.46,100.4347,98.8732,99.1418,9520659
2017-04-20,99.7286,100.8986,98.8732,100.7132,10100358
2017-04-21,100.2955,101.2404,99.8181,101.131,8547390
2017-04-24,102.4041,102.9213,101.5586,102.3941,9295490
2017-04-25,102.9809,104.7613,102.1156,104.1744,9710972
2017-04-26,104.7215,104.8209,103.3788,103.4583,8175145
2017-04-27,103.7567,105.4078,103.0307,105.0696,7992465
2017-04-28,104.7911,105.0696,103.5081,103.7368,8706157
2017-05-01,104.1744,106.2731,103.886,106.0642,7693333
2017-05-02,104.9801,105.0253,102.0062,102.9213,15749327
2017-05-03,102.6428,104.075,102.046,103.6871,8422633
2017-05-04,103.9357,104.3833,102.971,103.2893,5244692
2017-05-05,102.8218,103.5876,102.1952,103.2992,5710736
2017-05-08,103.7766,103.8363,101.7576,102.2151,9130990
2017-05-09,102.4438,104.3634,102.1057,102.3842,21191792
2017-05-10,113.6729,121.1622,113.4043,120.6351,53227434
2017-05-11,119.4018,129.7257,119.2625,125.817,48494808
2017-05-12,125.9463,128.9002,125.1008,127.1994,24065459
2017-05-15,128.8604,133.6842,128.6814,133.5848,27188548
2017-05-16,135.6436,136.6979,132.6434,136.0713,28017471
2017-05-17,133.3759,134.1318,126.8613,127.0304,31784158
2017-05-18,128.8008,132.7095,126.364,132.3515,28900757
2017-05-19,136.4286,137.6184,134.6315,135.4081,25459271
2017-05-22,137.1704,138.873,136.7323,138.2955,20915225
2017-05-23,139.092,139.1816,135.1194,136.4336,17031247
2017-05-24,140.3465,140.456,137.4791,137.9669,20434495
2017-05-25,139.3907,139.4206,135.8462,137.6583,15205701
2017-05-26,137.3297,144.6477,136.5133,141.2227,19478497
2017-05-30,143.0746,145.6544,142.4274,144.2395,24741298
2017-05-31,146.0516,146.3602,141.4318,143.7218,22182894
2017-06-01,144.359,144.3988,141.8997,143.7317,12583467
2017-06-02,143.6122,144.6676,142.7759,143.0149,12186434
2017-06-05,142.3577,147.8836,141.8898,147.3658,20434442
2017-06-06,147.1767,149.0385,146.1611,146.6988,18968189
2017-06-07,147.6844,149.2277,147.0572,148.471,15315293
2017-06-08,152.7921,159.3037,151.1294,159.2439,29043605
2017-06-09,164.023,167.7667,142.1287,148.9489,92323196
2017-06-12,145.2451,151.0398,141.4915,149.3173,42438280
2017-06-13,153.728,154.0964,145.0161,150.7411,41812580
2017-06-14,150.8606,153.3895,147.8537,151.0597,29616036
2017-06-15,146.3204,152.9315,145.8624,151.7069,24095612
2017-06-16,152.0952,154.0267,149.5861,150.9601,23123950
2017-06-19,152.7423,156.8444,152.593,156.6353,19454439
2017-06-20,158.3379,161.0361,156.2371,156.4063,27386086
2017-06-21,157.5214,158.9253,155.0224,158.776,17066279
2017-06-22,159.1045,159.6422,156.715,157.6807,11728324
2017-06-23,157.9894,158.6266,152.5532,153.1605,27214702
2017-06-26,154.4847,155.9185,147.6844,151.4878,26598996
2017-06-27,150.7809,151.1294,145.7131,145.9421,24987313
2017-06-28,148.6701,151.2787,145.1157,151.0896,24873679
2017-06-29,149.9446,150.064,143.4529,146.0416,26610631
2017-06-30,146.7386,147.2862,142.8755,143.9309,18276526
2017-07-03,144.4187,145.0198,137.9769,138.7236,17726821
2017-07-05,141.2824,143.5923,140.5158,142.4274,20504738
2017-07-06,141.2526,144.7472,139.1517,142.8556,18657132
2017-07-07,145.1455,146.8581,144.2196,146.1213,16374302
2017-07-10,149.0883,153.3298,148.0371,153.0311,23962269
2017-07-11,153.1804,155.5102,151.4878,155.2016,18948883
2017-07-12,157.6111,162.2906,155.8786,161.8027,28630213
2017-07-13,162.2906,165.5762,158.0591,159.9309,34228333
2017-07-14,160.588,164.2918,160.3093,164.2321,23548708
2017-07-17,165.6061,166.771,161.046,163.5352,23269759
2017-07-18,161.0759,165.8251,160.598,165.2377,19415987
2017-07-19,165.6061,166.6714,163.8936,164.3815,17176140
2017-07-20,165.2078,166.781,163.1987,166.771,17489889
2017-07-21,165.9446,168.5632,165.3671,167.3684,16208257
2017-07-24,167.6571,168.0454,164.9988,165.4269,16313052
2017-07-25,164.5009,165.2078,162.8691,164.6304,12413896
2017-07-26,166.9502,169.1874,165.1282,166.5321,16010113
2017-07-27,167.5377,168.0056,156.8743,161.0361,19571379
2017-07-28,159.5924,164.6602,158.5868,163.6745,12833737
2017-07-31,164.2222,165.6758,159.921,161.8027,13991802
2017-08-01,161.4194,163.8438,160.2993,163.7741,10784578
2017-08-02,165.0286,165.1879,160.5681,163.6745,11961082
2017-08-03,163.6546,165.9048,162.9676,165.7555,11060541
2017-08-04,166.6714,169.3298,165.7555,166.4823,14727353
2017-08-07,167.6571,171.6198,167.2688,171.5999,17935280
2017-08-08,173.1332,173.8003,167.9757,169.5588,18883354
2017-08-09,167.697,171.4605,166.9403,171.3609,13269623
2017-08-10,171.4107,171.9086,163.6148,164.023,33202199
2017-08-11,156.4561,158.308,152.2445,155.2812,37429859
2017-08-14,158.9751,167.8164,158.5071,167.6671,31975541
2017-08-15,167.8762,168.9316,164.8693,166.2533,19113263
2017-08-16,166.8606,167.8065,163.1269,164.4312,14915786
2017-08-17,164.0927,164.7797,160.6776,160.7673,13136065
2017-08-18,162.9577,163.6447,158.9452,160.7971,15030107
2017-08-21,161.7828,162.2408,156.6851,158.4574,15591767
2017-08-22,159.9323,162.2243,159.155,161.9851,11261403
2017-08-23,160.6398,165.6722,160.291,165.2238,14487996
2017-08-24,166.5193,166.6987,163.5496,164.6159,11742501
2017-08-25,165.5925,166.0011,162.9816,163.2407,8930022
2017-08-28,164.008,164.5262,161.7659,164.3967,9737393
2017-08-29,162.025,165.0046,161.6971,164.1276,8102357
2017-08-30,164.9248,165.5527,163.6991,165.1042,9610039
2017-08-31,165.9214,169.0106,165.6224,168.8512,15317105
2017-09-01,169.3594,171.3026,169.0106,169.8676,11135787
2017-09-05,167.7948,167.9984,162.9941,165.3334,17417392
2017-09-06,166.6588,167.2169,163.8287,165.2338,9941783
2017-09-07,165.9114,167.3065,164.3768,166.0011,8821702
2017-09-08,165.5327,166.1306,162.1445,163.1211,12471422
2017-09-11,164.9647,168.8437,164.7455,168.4127,14186078
2017-09-12,169.4092,169.4092,166.3897,169.0206,10287203
2017-09-13,168.0041,170.9439,166.6987,169.7779,14523973
2017-09-14,168.2034,171.9603,167.2169,168.8113,12842837
2017-09-15,172.2593,179.4841,172.05,179.4841,34119764
2017-09-18,184.4966,190.5355,184.2176,186.8982,42111516
2017-09-19,184.8653,189.1902,183.9734,186.6989,21856994
2017-09-20,186.8484,188.7617,183.5698,185.1942,18122991
2017-09-21,181.0088,182.0651,176.9928,180.1318,26889994
2017-09-22,179.6734,181.6764,177.9793,178.3779,12280771
2017-09-25,177.1323,177.1821,169.5687,170.4057,21864476
2017-09-26,175.8368,178.059,169.758,171.3624,28140511
2017-09-27,175.0097,175.6574,172.1497,175.1193,17842967
2017-09-28,175.4083,175.5677,173.1561,175.0695,10881065
2017-09-29,178.4577,179.1054,176.634,178.1487,15477293
2017-10-02,180.1717,181.3476,176.3849,178.3779,12586960
2017-10-03,178.6271,179.9524,176.9629,178.7466,9758268
2017-10-04,178.9958,181.1383,177.5209,180.2414,10696220
2017-10-05,181.228,181.3675,178.936,180.1418,10934105
2017-10-06,179.0257,181.2081,178.3779,180.6699,7969957
2017-10-09,182.1548,186.0811,181.3974,184.7457,14087272
2017-10-10,190.7647,192.2795,186.6092,188.2734,24371902
2017-10-11,188.9411,190.3362,187.0876,190.2764,13237734
2017-10-12,190.416,192.419,189.27,190.3661,13207315
2017-10-13,192.8774,194.3223,190.984,193.9138,15718233
2017-10-16,195.1196,197.3597,192.5684,197.2421,14415958
2017-10-17,196.4051,198.2088,195.6676,197.0628,11964867
2017-10-18,197.4215,197.4514,192.6482,196.8934,14182907
2017-10-19,193.7643,197.3119,191.7813,197.1126,14269253
2017-10-20,197.8002,198.8964,195.857,196.2157,11290462
2017-10-23,197.0927,198.159,195.1196,195.9367,10717376
2017-10-24,196.3054,198.0593,195.2591,197.9895,10181132
2017-10-25,196.3951,198.5277,190.5056,192.987,20704030
2017-10-26,194.1031,195.4783,193.1365,195.0099,8068563
2017-10-27,197.1126,201.1685,196.0662,201.1585,14304835
2017-10-30,201.1585,205.3737,200.5207,203.1316,12601417
2017-10-31,204.4171,207.1675,204.1879,206.0913,10297707
2017-11-01,208.6225,209.2403,203.889,206.4799,12564446
2017-11-02,205.2841,207.0878,202.9423,205.2243,8557738
2017-11-03,206.4799,207.9648,204.6274,207.9648,8841024
2017-11-06,206.4799,209.2503,205.9817,208.9015,9748616
2017-11-07,209.8183,212.1601,209.3256,211.2931,10692542
2017-11-08,211.1138,211.2633,206.5199,208.4331,13074705
2017-11-09,204.5566,205.613,199.6737,204.6065,23432127
2017-11-10,212.3395,217.9101,210.8945,215.3889,31331374
2017-11-13,215.3889,216.4153,211.2732,211.8911,14559413
2017-11-14,212.2598,214.0535,210.4959,213.4357,13232319
2017-11-15,211.2134,211.2633,207.0778,209.2503,12548731
2017-11-16,212.2398,213.4556,210.5159,210.8746,11044183
2017-11-17,213.1766,214.6016,210.0176,210.6255,12891568
2017-11-20,211.2533,213.8243,209.7685,213.336,9902511
2017-11-21,214.9404,215.7675,213.6549,215.2992,9979358
2017-11-22,216.3961,216.3961,213.0155,214.3318,8915998
2017-11-24,214.99,216.3961,214.0027,216.3562,4518800
2017-11-27,216.7052,216.7551,213.4144,213.544,10572364
2017-11-28,213.7534,214.1324,207.6604,210.1236,12818804
2017-11-29,209.4255,209.5378,190.6978,195.8733,34919741
2017-11-30,198.6456,202.1159,196.1027,200.1514,20594199
2017-12-01,198.7553,199.573,191.9343,197.1298,20288748
2017-12-04,199.4932,199.7425,183.9865,186.1405,31021123
2017-12-05,181.8924,192.1637,180.0774,187.2175,24537194
2017-12-06,185.1832,189.6108,184.3256,188.7333,11675760
2017-12-07,191.4257,193.0612,189.5909,191.4557,13564988
2017-12-08,193.47,194.2379,190.618,190.9571,11671856
2017-12-11,191.5255,194.2379,190.8872,194.1182,9318741
2017-12-12,192.3631,193.3005,189.3615,190.3089,11375445
2017-12-13,191.9642,192.0141,185.3627,185.6618,13856992
2017-12-14,185.4026,188.813,184.0862,185.951,10954056
2017-12-15,187.7271,191.8446,185.1034,191.0269,16750878
2017-12-18,192.6623,197.4689,191.4656,197.3492,11942558
2017-12-19,196.9703,197.1797,194.4174,195.5642,9327493
2017-12-20,197.1498,197.5187,194.0085,196.2523,7220456
2017-12-21,196.3919,197.3991,195.0058,195.3448,7522626
2017-12-22,193.859,195.1055,190.7177,194.7265,11656871
2017-12-26,192.4928,197.1996,191.2861,196.8905,8877033
2017-12-27,196.352,199.4135,195.7636,196.6212,8237223
2017-12-28,197.5786,198.8251,196.6027,196.8506,6006248
2017-12-29,197.9077,197.9077,192.9615,192.9615,6999116
2018-01-02,195.2351,198.9448,193.9587,198.7952,8890417
2018-01-03,203.532,213.1052,203.1829,211.8787,22867591
2018-01-04,215.1595,217.4431,212.0981,212.9955,14581720
2018-01-05,213.5939,216.3063,210.4925,214.8005,14503103
2018-01-08,219.7866,224.3738,217.9717,221.3821,22030422
2018-01-09,221.6015,223.1971,218.0315,221.3223,12424995
2018-01-10,217.5927,223.1971,215.3988,223.0575,14566626
2018-01-11,224.3738,225.6403,222.5888,223.4564,10150767
2018-01-12,222.9777,224.3638,220.724,222.3594,8997902
2018-01-16,223.4264,226.8768,216.0869,219.4974,17558687
2018-01-17,220.0858,224.4935,216.2963,224.0946,13460222
2018-01-18,223.3167,226.0092,222.0602,223.8153,10215841
2018-01-19,227.4552,230.4468,226.3682,229.4696,15234486
2018-01-22,229.7887,233.1094,227.4652,233.0396,13773561
2018-01-23,235.1936,239.1625,234.4467,238.2451,11880705
2018-01-24,238.3747,239.8243,232.9,235.1437,14499309
2018-01-25,237.3376,239.0827,235.0939,235.6922,10247091
2018-01-26,237.4573,242.6627,236.9387,242.6528,12908854
2018-01-29,242.0644,247.4195,239.9403,246.163,11377853
2018-01-30,240.439,245.7342,237.7465,242.0445,14270844
2018-01-31,245.086,248.5762,243.7697,245.1159,11964444
2018-02-01,237.8562,246.2128,237.3974,239.8307,12980572
2018-02-02,236.3404,237.3077,230.5266,232.8701,17961555
2018-02-05,226.3682,232.5809,204.4295,213.1052,29130140
2018-02-06,203.8311,225.0718,203.4322,224.9522,27870031
2018-02-07,228.941,234.316,226.0691,228.1632,20073316
2018-02-08,233.2291,234.5653,216.9046,216.9146,28599976
2018-02-09,237.5869,238.2251,216.9146,231.4341,41865077
2018-02-12,234.7,234.8246,224.4042,227.3954,27329342
2018-02-13,225.9294,233.8474,224.6231,231.9826,15638119
2018-02-14,230.3571,241.9173,229.9083,240.7481,18624749
2018-02-15,244.1037,247.6787,240.8478,245.814,17472515
2018-02-16,244.717,249.3042,242.7924,243.1614,15941426
2018-02-20,244.0688,251.169,243.9192,248.3868,17155962
2018-02-21,250.9895,251.2662,240.6883,240.8378,22307344
2018-02-22,242.2049,245.0986,238.9818,241.6261,13359133
2018-02-23,244.0409,245.3979,241.9954,245.3979,10382510
2018-02-26,247.2639,247.4435,243.532,246.0465,11732844
2018-02-27,244.9689,248.3715,244.5997,245.5276,11385899
2018-02-28,245.9667,247.5632,241.0075,241.4764,13077878
2018-03-01,241.3866,243.5619,227.6313,231.7076,26002972
2018-03-02,227.367,236.2877,221.37,236.0282,22835685
2018-03-05,234.0026,236.7367,229.0244,235.1402,15519413
2018-03-06,238.5827,242.4144,236.8465,241.6361,15920243
2018-03-07,237.4851,243.4222,237.4352,241.3168,14530226
2018-03-08,242.4244,242.4244,238.8728,240.6582,10297761
2018-03-09,242.5741,245.3181,241.9256,244.7992,12638148
2018-03-12,246.4656,252.4526,246.1386,249.2196,15126541
2018-03-13,250.9459,253.9494,245.5077,247.1741,15494309
2018-03-14,248.9103,250.0079,245.6873,248.2019,12637361
2018-03-15,248.7507,252.0735,247.1042,248.8006,10048837
2018-03-16,249.4591,250.7064,247.9424,249.9381,9986432
2018-03-19,247.6431,248.8105,236.4873,240.4786,17844338
2018-03-20,240.5983,250.6066,240.5983,249.04,13867409
2018-03-21,248.7806,251.4548,246.7949,248.0222,10967216
2018-03-22,245.4678,247.3437,239.821,241.3268,13779919
2018-03-23,241.8756,242.145,232.0169,232.466,18390461
2018-03-26,237.4851,244.001,235.3896,243.9511,15285640
2018-03-27,247.214,249.4591,219.3694,225.0321,35225012
2018-03-28,223.6451,228.8937,216.5305,220.8711,23647648
2018-03-29,223.6201,234.9905,220.2227,231.089,22915692
2018-04-02,228.2451,234.1423,217.0294,220.5718,23052315
2018-04-03,227.3072,229.8516,220.8711,224.8625,16685759
2018-04-04,214.5448,226.1702,213.537,225.7505,19729161
2018-04-05,228.1054,228.6343,218.0173,220.901,17530973
2018-04-06,216.76,221.1206,212.6125,213.7865,16574720
2018-04-09,216.331,221.4898,214.1357,214.944,12488120
2018-04-10,224.2338,228.5046,221.9288,227.4169,19118807
2018-04-11,226.8182,228.4806,224.4344,225.7505,11506057
2018-04-12,229.5024,234.8109,227.7212,234.0924,14847950
2018-04-13,236.6569,236.9961,229.0534,230.9992,12575892
2018-04-16,231.2706,232.3363,227.1874,230.9892,8769776
2018-04-17,233.0946,237.8842,230.8495,237.0261,11180638
2018-04-18,234.9905,238.7324,232.2664,235.8586,9784058
2018-04-19,231.2438,232.5957,226.3093,228.5445,11799933
2018-04-20,228.1952,231.5979,226.9579,228.2152,9654966
2018-04-23,228.9336,230.9992,222.3479,223.3956,10687723
2018-04-24,224.4334,228.305,218.0871,220.7214,10364894
2018-04-25,219.524,221.0956,209.845,216.1913,14712343
2018-04-26,222.7171,225.062,220.0529,224.7327,9395574
2018-04-27,229.0035,229.8017,224.134,225.8403,10021245
2018-04-30,226.4989,228.5046,223.6351,224.4134,8196067
2018-05-01,224.0841,226.7583,221.7193,226.6486,6344727
2018-05-02,226.5089,228.305,224.7627,225.8204,6706185
2018-05-03,227.1076,233.5436,225.2815,232.4859,11078640
2018-05-04,231.3284,238.6714,230.63,238.5428,10016538
2018-05-07,242.7683,250.447,242.3645,248.142,17190378
2018-05-08,248.152,249.968,246.1762,249.8583,12665374
2018-05-09,250.6665,255.3164,249.5689,255.2266,14918980
2018-05-10,257.362,259.9364,256.6435,259.5672,24852029
2018-05-11,252.2331,259.2279,249.998,253.9793,30361406
2018-05-14,255.516,257.9308,253.8496,254.8075,13078477
2018-05-15,252.2431,252.3529,240.9775,245.0287,24088210
2018-05-16,243.4721,247.9823,241.9853,245.4778,13845706
2018-05-17,245.5516,250.9559,244.899,247.1741,12994605
2018-05-18,249.2695,251.824,245.2083,245.4079,12092942
2018-05-21,249.3394,249.4891,239.9697,243.7116,16015620
2018-05-22,244.2504,245.2681,239.7302,242.1749,12956637
2018-05-23,239.9084,247.2071,239.8785,247.1572,11073926
2018-05-24,247.0074,249.0143,244.8617,247.307,10934295
2018-05-25,247.8162,249.5535,246.3784,248.8945,7302782
2018-05-29,248.1656,250.9513,246.3185,248.2056,8817083
2018-05-30,249.5635,252.9482,248.5665,252.5988,9774864
2018-05-31,251.3108,254.8053,250.8814,251.8,12346709
2018-06-01,253.6072,257.4712,253.2577,257.2216,10549248
2018-06-04,258.5995,265.329,257.3015,264.4404,16050641
2018-06-05,264.5702,266.1777,262.763,264.6601,9792801
2018-06-06,261.0257,264.8698,260.3667,264.74,9283856
2018-06-07,264.5902,265.0679,258.8491,262.4934,9236216
2018-06-08,259.558,263.5917,258.7992,261.8744,9011443
2018-06-11,261.3652,263.0426,259.6978,260.217,6634253
2018-06-12,261.2853,262.6632,259.2584,262.1739,7978985
2018-06-13,262.2338,265.2592,261.6258,261.9942,8455159
2018-06-14,263.8114,268.7837,263.2123,266.4972,10750411
2018-06-15,264.1908,267.0664,262.9411,264.8498,10806488
2018-06-18,263.0725,265.389,261.9742,264.6801,8906674
2018-06-19,260.5165,263.2323,254.6256,259.7677,14873324
2018-06-20,261.4271,264.041,259.8783,261.9043,9244494
2018-06-21,263.1924,263.9312,256.4029,256.7124,8987906
2018-06-22,257.5511,258.0903,249.943,250.5619,10853954
2018-06-25,246.2686,246.4183,235.1757,238.7502,16645431
2018-06-26,243.3231,245.2701,239.5391,241.6158,11972137
2018-06-27,243.3731,246.0489,235.1358,235.3555,11347303
2018-06-28,234.9561,240.9668,234.6466,240.4875,8450297
2018-06-29,243.1135,243.6227,236.4837,236.5336,9807477
2018-07-02,233.728,242.0152,232.9042,241.8654,8939348
2018-07-03,243.2632,243.5029,236.1343,236.4737,5568325
2018-07-05,238.7003,242.5543,237.1327,242.3546,7655448
2018-07-06,241.3662,247.282,240.5075,246.9475,7408822
2018-07-09,249.9426,250.3323,245.6902,248.8645,7597022
2018-07-10,249.3638,253.747,247.7363,252.8584,9000390
2018-07-11,249.1142,250.512,246.7179,247.1472,9187660
2018-07-12,248.9744,252.7785,248.575,250.8415,8637673
2018-07-13,251.5903,251.5903,247.2371,248.9344,6179078
2018-07-16,247.8162,249.9529,247.3169,247.8162,4925926
2018-07-17,245.8292,253.9067,244.8008,253.2977,9053395
2018-07-18,252.9981,253.5573,249.2539,251.3108,6941041
2018-07-19,250.5519,252.9981,249.9429,251.6402,5893783
2018-07-20,251.5404,253.108,250.0627,250.502,5562161
2018-07-23,249.4337,249.5036,242.9038,249.0243,7539621
2018-07-24,250.9613,254.4559,247.6165,248.3254,8865545
2018-07-25,248.7048,251.9897,246.3684,251.4805,8004551
2018-07-26,250.6717,255.9336,249.9928,254.4459,8128128
2018-07-27,255.9236,256.2032,249.4536,251.6303,7385535
2018-07-30,252.1994,252.439,242.3446,243.7525,8508539
2018-07-31,243.3331,247.4967,241.7666,244.4813,7099696
2018-08-01,245.7494,247.9758,243.5088,246.0888,7088889
2018-08-02,243.2133,250.3922,240.837,250.2324,6741689
2018-08-03,251.2209,252.6687,250.5419,251.7101,5357202
2018-08-06,251.2009,253.7769,249.3197,253.6372,5187665
2018-08-07,255.6041,257.3015,254.5259,256.5526,6453260
2018-08-08,256.6026,259.8376,255.1947,258.0204,6552462
2018-08-09,258.7393,258.8491,255.7539,256.0634,5106962
2018-08-10,252.7585,255.704,252.3092,254.396,6415668
2018-08-13,254.7454,260.5964,254.6755,255.7239,9380158
2018-08-14,259.9773,261.5948,256.6225,261.0257,11655486
2018-08-15,261.8644,263.2313,255.5043,258.6793,14778394
2018-08-16,261.495,261.5948,254.6156,257.0419,20031476
2018-08-17,252.5488,252.5788,243.3531,244.4414,28579694
2018-08-20,242.8039,252.8084,238.3508,247.4567,21359655
2018-08-21,248.1157,253.108,247.3169,252.9283,16849710
2018-08-22,251.6103,262.6133,251.4705,262.4136,18746422
2018-08-23,260.856,269.0633,260.298,266.4273,18017114
2018-08-24,266.7668,272.3881,266.5871,271.799,13287762
2018-08-27,272.9972,278.4687,271.7241,275.4733,12644437
2018-08-28,275.2337,276.1523,269.1132,273.9557,11884595
2018-08-29,273.6461,279.2205,272.8069,278.2115,10502741
2018-08-30,276.9528,281.4353,276.0437,277.5322,8665230
2018-08-31,276.723,280.9188,276.3234,280.3993,7664750
2018-09-04,279.8698,284.9348,278.721,283.4163,9793027
2018-09-05,282.707,284.1356,274.8748,278.1416,9828919
2018-09-06,277.4822,277.5821,271.1196,272.4473,8069889
2018-09-07,268.731,276.6531,266.9228,271.5881,7385468
2018-09-10,272.4972,275.6541,270.729,274.4553,5503457
2018-09-11,272.5871,276.1235,271.748,272.5272,6077818
2018-09-12,270.9188,271.708,261.6581,267.9318,10477259
2018-09-13,270.5891,274.725,269.8908,271.0687,7638387
2018-09-14,274.715,278.8209,273.2265,276.1536,9673380
2018-09-17,275.1265,277.1026,272.8768,273.6561,5138189
2018-09-18,273.8159,277.9618,270.4792,270.749,7488023
2018-09-19,270.0022,272.4263,267.9817,271.708,5621465
2018-09-20,266.783,268.4912,263.8359,266.0137,10764569
2018-09-21,266.4932,268.3314,261.8479,263.1866,10878157
2018-09-24,261.9378,265.5742,258.4213,265.4343,7347826
2018-09-25,268.1016,269.1506,264.6451,268.1416,7009746
2018-09-26,268.3414,269.9698,266.0137,266.6531,6713688
2018-09-27,268.0717,268.9308,265.8634,267.1326,5360717
2018-09-28,272.4573,281.6333,271.3284,280.739,17734914
2018-10-01,283.8758,291.7679,282.3174,289.0706,15551453
2018-10-02,287.9617,292.4672,285.2944,286.1935,9599118
2018-10-03,289.0307,289.3304,282.2475,286.4433,8013769
2018-10-04,284.9847,285.9638,275.9038,279.0107,9780489
2018-10-05,278.0117,280.5192,267.2725,269.5901,10665861
2018-10-08,266.2335,270.8888,259.8199,265.5042,10215265
2018-10-09,264.6751,268.4912,262.5372,265.2745,6837493
2018-10-10,260.9987,262.8469,245.3544,245.4443,17123454
2018-10-11,241.9278,247.3124,234.0267,234.8949,18135929
2018-10-12,245.2611,249.2917,239.4103,246.2935,15205917
2018-10-15,245.754,245.754,235.1047,235.1446,11244032
2018-10-16,239.6901,246.0337,237.7021,245.5842,10217795
2018-10-17,248.0917,249.6301,240.8389,242.8169,8241701
2018-10-18,245.6141,247.1626,236.8529,239.2905,13100548
2018-10-19,241.5182,242.3074,227.4723,228.9408,15340249
2018-10-22,231.0487,235.0847,226.8429,230.9888,9221091
2018-10-23,220.2096,223.9658,216.4933,220.8389,15660945
2018-10-24,219.2905,221.1686,198.6512,199.2106,22107199
2018-10-25,195.2745,209.5402,193.4878,207.6322,23793040
2018-10-26,198.1117,204.6372,192.9269,198.0917,16619628
2018-10-29,203.786,203.9259,175.834,185.4344,18950441
2018-10-30,186.3635,203.1966,185.4344,202.797,20179768
2018-10-31,209.4403,212.3774,203.806,210.6192,18644304
2018-11-01,212.0877,218.2715,206.9828,217.8919,14163208
2018-11-02,217.5123,221.778,210.0006,214.7051,11324002
2018-11-05,214.1756,215.1147,205.0747,211.5582,9483260
2018-11-06,211.2386,214.6352,209.3552,210.8489,7475259
2018-11-07,213.5362,217.1926,210.9688,213.5762,12095301
2018-11-08,211.1886,211.2186,203.6262,205.784,12783823
2018-11-09,202.1976,209.1107,200.839,205.4643,10331049
2018-11-12,201.778,202.6671,188.4713,189.3505,15427947
2018-11-13,193.2965,204.0058,193.0437,199.1107,16117775
2018-11-14,206.0937,206.6731,192.6374,196.9928,13164471
2018-11-15,196.7531,205.0947,195.3045,202.1876,21017716
2018-11-16,163.1567,170.4893,161.4484,164.2656,49087977
2018-11-19,161.6282,161.6582,144.4854,144.5553,42445505
2018-11-20,133.9259,154.1057,133.1767,148.9309,42300828
2018-11-21,154.4654,155.1447,143.4664,144.5653,25637350
2018-11-23,143.1667,149.4404,142.6464,144.855,10299211
2018-11-26,149.7401,153.3165,146.4134,152.897,20370806
2018-11-27,151.848,156.853,150.3995,153.5763,18451506
2018-11-28,158.3215,160.1197,152.9719,159.9099,20113137
2018-11-29,160.0,161.5,156.14,157.36,13729340
2018-11-30,157.75,163.8599,155.72,163.43,18239114
2018-12-03,172.6,174.68,167.34,170.04,22270109
2018-12-04,168.24,168.44,156.5,157.11,20302787
2018-12-06,151.44,158.492,150.81,158.29,17307741
2018-12-07,158.46,158.87,145.616,147.61,17041949
2018-12-10,145.8,152.8599,145.65,151.86,15736835
2018-12-11,155.56,155.89,145.0,148.19,16797832
2018-12-12,148.42,152.78,144.82,148.9,16353398
2018-12-13,150.79,153.38,147.44,148.89,11784624
2018-12-14,147.21,150.59,145.5,146.45,11795531
2018-12-17,145.24,148.15,141.24,143.58,16571683
2018-12-18,145.35,150.33,144.25,146.94,14109251
2018-12-19,145.58,147.7445,136.43,138.51,18634147
2018-12-20,138.17,141.8,132.688,135.1,18739697
2018-12-21,136.17,137.5,128.46,129.57,21593525
2018-12-24,126.49,129.9799,124.5,127.08,11595978
2018-12-26,128.94,133.14,124.46,133.1,17377484
2018-12-27,130.99,132.38,125.18,131.17,15926080
2018-12-28,132.0,137.39,130.31,133.65,15712319
2018-12-31,135.4,136.71,132.26,133.5,11628503
2019-01-02,130.64,138.48,130.05,136.22,12718840
2019-01-03,133.79,135.16,127.6932,127.99,17638786
2019-01-04,130.94,137.73,129.7,136.19,14640483
2019-01-07,138.5,144.89,136.43,143.4,17728980
2019-01-08,146.69,146.78,136.9,139.83,19650429
2019-01-09,141.9,144.49,139.86,142.58,15431475
2019-01-10,141.8,145.58,139.36,145.23,13078906
2019-01-11,144.33,149.75,143.21,148.83,21869066
2019-01-14,146.72,151.46,145.77,150.44,18254249
2019-01-15,151.76,153.35,149.13,149.87,15425251
2019-01-16,150.97,152.3,148.615,148.84,11752592
2019-01-17,147.51,153.33,146.41,151.72,12335905
2019-01-18,153.73,157.98,151.65,156.93,16283423
2019-01-22,155.71,156.18,147.5507,148.77,16538776
2019-01-23,151.0,154.58,148.03,149.29,14775545
2019-01-24,152.7,158.55,152.51,157.84,17724261
2019-01-25,155.44,160.88,151.3,160.15,28880547
2019-01-28,136.55,141.64,131.0,138.01,62788169
2019-01-29,136.15,138.1,131.01,131.6,28848347
2019-01-30,134.67,137.97,131.46,137.39,24355739
2019-01-31,137.26,145.19,136.3832,143.75,21071338
2019-02-01,144.5,146.79,142.58,144.73,15626175
2019-02-04,145.37,150.68,144.48,149.18,13215018
2019-02-05,149.66,151.43,148.3,149.95,13560625
2019-02-06,151.29,155.6,151.07,153.0,17561647
2019-02-07,151.128,151.22,145.69,147.42,15928000
